accession,hgvs_nt,hgvs_splice,hgvs_pro,score
urn:mavedb:00000072-a-1#155,NA,NA,p.Pro13Gln,0.13256965798924908
urn:mavedb:00000072-a-1#156,NA,NA,p.Pro12Gln,0.28723425897670635
urn:mavedb:00000072-a-1#157,NA,NA,p.Leu11Gln,0.0
urn:mavedb:00000072-a-1#158,NA,NA,p.Pro6Gln,0.0
urn:mavedb:00000072-a-1#159,NA,NA,p.Glu5Gln,0.0
urn:mavedb:00000072-a-1#160,NA,NA,p.Arg4Gln,0.15957458832039242
urn:mavedb:00000072-a-1#161,NA,NA,p.Ser104Pro,0.3916830804227814
urn:mavedb:00000072-a-1#162,NA,NA,p.Leu103Pro,0.1914895059844709
urn:mavedb:00000072-a-1#180,NA,NA,p.Ser60Pro,0.0
urn:mavedb:00000072-a-1#366,NA,NA,p.Pro6Ile,0.0
urn:mavedb:00000072-a-1#601,NA,NA,p.Leu101Arg,0.0
urn:mavedb:00000072-a-1#557,NA,NA,p.Tyr96Ser,0.0
urn:mavedb:00000072-a-1#63,NA,NA,p.Ser14Tyr,0.0
urn:mavedb:00000072-a-1#113,NA,NA,p.Asn94Thr,0.0
urn:mavedb:00000072-a-1#494,NA,NA,p.Tyr67Asp,0.0
urn:mavedb:00000072-a-1#622,NA,NA,p.Leu58Arg,0.17234055538602375
urn:mavedb:00000072-a-1#555,NA,NA,p.Gln98Ser,0.0
urn:mavedb:00000072-a-1#556,NA,NA,p.Thr97Ser,0.0
urn:mavedb:00000072-a-1#623,NA,NA,p.Pro56Arg,0.0
urn:mavedb:00000072-a-1#624,NA,NA,p.Pro55Arg,0.0
urn:mavedb:00000072-a-1#525,NA,NA,p.Phe65Cys,0.0
urn:mavedb:00000072-a-1#526,NA,NA,p.Phe64Cys,0.1914895059844709
urn:mavedb:00000072-a-1#527,NA,NA,p.Gly62Cys,0.047872376496117724
urn:mavedb:00000072-a-1#528,NA,NA,p.Ser60Cys,0.0
urn:mavedb:00000072-a-1#529,NA,NA,p.Tyr51Cys,0.059427777719318564
urn:mavedb:00000072-a-1#530,NA,NA,p.Ser43Cys,0.9922638037377128
urn:mavedb:00000072-a-1#531,NA,NA,p.Trp41Cys,0.07034308383103012
urn:mavedb:00000072-a-1#532,NA,NA,p.Ser35Cys,0.08837977199283271
urn:mavedb:00000072-a-1#533,NA,NA,p.Tyr33Cys,0.07493067625479295
urn:mavedb:00000072-a-1#534,NA,NA,p.Phe32Cys,0.17234055538602375
urn:mavedb:00000072-a-1#535,NA,NA,p.Gly31Cys,0.01595745883203924
urn:mavedb:00000072-a-1#536,NA,NA,p.Ser24Cys,0.0
urn:mavedb:00000072-a-1#537,NA,NA,p.Ser14Cys,0.08617027769301189
urn:mavedb:00000072-a-1#559,NA,NA,p.Asn94Ser,0.06462770826975893
urn:mavedb:00000072-a-1#560,NA,NA,p.Ala91Ser,0.3916830804227814
urn:mavedb:00000072-a-1#561,NA,NA,p.Cys85Ser,0.051702166615807135
urn:mavedb:00000072-a-1#562,NA,NA,p.Phe83Ser,0.07493067625479295
urn:mavedb:00000072-a-1#563,NA,NA,p.Asn81Ser,0.2585108330790357
urn:mavedb:00000072-a-1#564,NA,NA,p.Arg76Ser,0.0
urn:mavedb:00000072-a-1#565,NA,NA,p.Thr71Ser,0.10444882144607504
urn:mavedb:00000072-a-1#566,NA,NA,p.Tyr67Ser,0.0
urn:mavedb:00000072-a-1#567,NA,NA,p.Leu66Ser,0.0
urn:mavedb:00000072-a-1#568,NA,NA,p.Phe65Ser,0.03746533812739648
urn:mavedb:00000072-a-1#569,NA,NA,p.Phe64Ser,0.13256965798924908
urn:mavedb:00000072-a-1#570,NA,NA,p.Gly62Ser,0.04924015868172108
urn:mavedb:00000072-a-1#625,NA,NA,p.Thr54Arg,0.0
urn:mavedb:00000072-a-1#651,NA,NA,p.Gln2Arg,0.6031919438510832
urn:mavedb:00000072-a-1#652,NA,NA,p.Gly1Arg,0.0
urn:mavedb:00000072-a-1#631,NA,NA,p.Ser43Arg,0.0
urn:mavedb:00000072-a-1#653,NA,NA,p.Pro105Gln,1.2925541653951786
urn:mavedb:00000072-a-1#654,NA,NA,p.Leu103Gln,0.027796863771939326
urn:mavedb:00000072-a-1#632,NA,NA,p.Trp41Arg,0.02027535945717927
urn:mavedb:00000072-a-1#633,NA,NA,p.Glu40Arg,0.0
urn:mavedb:00000072-a-1#634,NA,NA,p.Ser35Arg,0.20345760010850036
urn:mavedb:00000072-a-1#635,NA,NA,p.Pro34Arg,0.0
urn:mavedb:00000072-a-1#636,NA,NA,p.Gly31Arg,0.0
urn:mavedb:00000072-a-1#637,NA,NA,p.Lys30Arg,0.0
urn:mavedb:00000072-a-1#638,NA,NA,p.Leu28Arg,0.0
urn:mavedb:00000072-a-1#639,NA,NA,p.Cys27Arg,0.0
urn:mavedb:00000072-a-1#640,NA,NA,p.Leu25Arg,0.10771284711626487
urn:mavedb:00000072-a-1#641,NA,NA,p.Ser24Arg,0.07180856474417659
urn:mavedb:00000072-a-1#642,NA,NA,p.Gln22Arg,0.0936633453184912
urn:mavedb:00000072-a-1#643,NA,NA,p.Lys20Arg,1.313070898179229
urn:mavedb:00000072-a-1#644,NA,NA,p.Leu18Arg,0.0
urn:mavedb:00000072-a-1#645,NA,NA,p.Pro13Arg,0.0
urn:mavedb:00000072-a-1#646,NA,NA,p.Pro12Arg,0.0
urn:mavedb:00000072-a-1#647,NA,NA,p.Leu11Arg,0.0
urn:mavedb:00000072-a-1#648,NA,NA,p.Gln7Arg,0.10582314804404973
urn:mavedb:00000072-a-1#649,NA,NA,p.Pro6Arg,0.0
urn:mavedb:00000072-a-1#650,NA,NA,p.Pro3Arg,0.0
urn:mavedb:00000072-a-1#656,NA,NA,p.His95Gln,0.5251001296917913
urn:mavedb:00000072-a-1#657,NA,NA,p.Ser104Ala,0.861702776930119
urn:mavedb:00000072-a-1#658,NA,NA,p.Ser102Ala,0.0
urn:mavedb:00000072-a-1#659,NA,NA,p.Thr97Ala,0.14856944429829638
urn:mavedb:00000072-a-1#660,NA,NA,p.Glu90Ala,0.21542569423252972
urn:mavedb:00000072-a-1#661,NA,NA,p.Val87Ala,0.0769377479401892
urn:mavedb:00000072-a-1#662,NA,NA,p.Ser86Ala,1.2063838877021664
urn:mavedb:00000072-a-1#663,NA,NA,p.Ser84Ala,0.07180856474417659
urn:mavedb:00000072-a-1#36,NA,NA,p.His95Tyr,0.15206519592884454
urn:mavedb:00000072-a-1#39,NA,NA,p.His89Tyr,0.027442763596500604
urn:mavedb:00000072-a-1#40,NA,NA,p.Ser86Tyr,0.274178156295947
urn:mavedb:00000072-a-1#44,NA,NA,p.Gln79Tyr,0.0
urn:mavedb:00000072-a-1#46,NA,NA,p.Asp73Tyr,0.08617027769301189
urn:mavedb:00000072-a-1#49,NA,NA,p.Phe64Tyr,1.6110095394780486
urn:mavedb:00000072-a-1#50,NA,NA,p.Ser63Tyr,0.07180856474417659
urn:mavedb:00000072-a-1#51,NA,NA,p.Asp61Tyr,0.057446851795341265
urn:mavedb:00000072-a-1#53,NA,NA,p.Asp59Tyr,0.0
urn:mavedb:00000072-a-1#55,NA,NA,p.Asn49Tyr,0.718085647441766
urn:mavedb:00000072-a-1#57,NA,NA,p.Asp36Tyr,0.08617027769301189
urn:mavedb:00000072-a-1#59,NA,NA,p.Phe32Tyr,0.10771284711626487
urn:mavedb:00000072-a-1#60,NA,NA,p.Cys27Tyr,0.06244223021232746
urn:mavedb:00000072-a-1#61,NA,NA,p.Asn21Tyr,0.061550198352151364
urn:mavedb:00000072-a-1#67,NA,NA,p.Arg76Trp,0.0
urn:mavedb:00000072-a-1#68,NA,NA,p.Gly45Trp,0.0
urn:mavedb:00000072-a-1#70,NA,NA,p.Arg15Trp,0.11575111928912045
urn:mavedb:00000072-a-1#71,NA,NA,p.Gln7Trp,0.0
urn:mavedb:00000072-a-1#73,NA,NA,p.Ser104Val,0.861702776930119
urn:mavedb:00000072-a-1#11,NA,NA,p.Lys74Ter,0.028723425897670633
urn:mavedb:00000072-a-1#13,NA,NA,p.Tyr67Ter,0.06382983532815696
urn:mavedb:00000072-a-1#14,NA,NA,p.Lys52Ter,0.0
urn:mavedb:00000072-a-1#76,NA,NA,p.Ala91Val,0.08015839785396456
urn:mavedb:00000072-a-1#125,NA,NA,p.Ser60Thr,0.7809181415929204
urn:mavedb:00000072-a-1#126,NA,NA,p.Pro56Thr,0.1914895059844709
urn:mavedb:00000072-a-1#127,NA,NA,p.Pro55Thr,0.21542569423252972
urn:mavedb:00000072-a-1#128,NA,NA,p.Lys52Thr,0.07833661608455628
urn:mavedb:00000072-a-1#129,NA,NA,p.Asn50Thr,0.0
urn:mavedb:00000072-a-1#130,NA,NA,p.Asn49Thr,1.846505950564541
urn:mavedb:00000072-a-1#131,NA,NA,p.Pro47Thr,0.0
urn:mavedb:00000072-a-1#558,NA,NA,p.His95Ser,0.0
urn:mavedb:00000072-a-1#655,NA,NA,p.Lys99Gln,0.0
urn:mavedb:00000072-a-1#64,NA,NA,p.Gln98Trp,0.0
urn:mavedb:00000072-a-1#65,NA,NA,p.Cys85Trp,0.0
urn:mavedb:00000072-a-1#538,NA,NA,p.Tyr9Cys,0.14361712948835315
urn:mavedb:00000072-a-1#539,NA,NA,p.Gly1Cys,0.15206519592884454
urn:mavedb:00000072-a-1#540,NA,NA,p.Gly106Ala,0.9400393930146754
urn:mavedb:00000072-a-1#541,NA,NA,p.Pro105Ala,2.585108330790357
urn:mavedb:00000072-a-1#542,NA,NA,p.Ser35Thr,0.0
urn:mavedb:00000072-a-1#626,NA,NA,p.Lys52Arg,1.7339141243106055
urn:mavedb:00000072-a-1#543,NA,NA,p.Pro34Thr,0.06628482899462454
urn:mavedb:00000072-a-1#544,NA,NA,p.Lys30Thr,0.0
urn:mavedb:00000072-a-1#627,NA,NA,p.Asn50Arg,0.0
urn:mavedb:00000072-a-1#628,NA,NA,p.Pro47Arg,0.0
urn:mavedb:00000072-a-1#545,NA,NA,p.Ser24Thr,0.0
urn:mavedb:00000072-a-1#546,NA,NA,p.Asn21Thr,0.17234055538602375
urn:mavedb:00000072-a-1#1,NA,NA,p.Lys99Ter,0.047872376496117724
urn:mavedb:00000072-a-1#2,NA,NA,p.Gln98Ter,0.03746533812739648
urn:mavedb:00000072-a-1#3,NA,NA,p.Thr97Ter,0.0
urn:mavedb:00000072-a-1#547,NA,NA,p.Lys20Thr,0.12310039670430273
urn:mavedb:00000072-a-1#629,NA,NA,p.Gln46Arg,0.16678118263163594
urn:mavedb:00000072-a-1#630,NA,NA,p.Gly45Arg,0.05385642355813244
urn:mavedb:00000072-a-1#548,NA,NA,p.Ser14Thr,0.0
urn:mavedb:00000072-a-1#549,NA,NA,p.Pro13Thr,0.050688398642948176
urn:mavedb:00000072-a-1#618,NA,NA,p.Leu70Arg,0.0
urn:mavedb:00000072-a-1#619,NA,NA,p.Lys69Arg,0.06628482899462454
urn:mavedb:00000072-a-1#550,NA,NA,p.Pro12Thr,0.05222441072303752
urn:mavedb:00000072-a-1#551,NA,NA,p.Pro6Thr,0.0
urn:mavedb:00000072-a-1#552,NA,NA,p.Pro3Thr,0.21542569423252972
urn:mavedb:00000072-a-1#553,NA,NA,p.Gly106Ser,1.180851953570904
urn:mavedb:00000072-a-1#554,NA,NA,p.Pro105Ser,1.4611481869684626
urn:mavedb:00000072-a-1#620,NA,NA,p.Ser68Arg,0.07386023802258163
urn:mavedb:00000072-a-1#621,NA,NA,p.Leu66Arg,0.07180856474417659
urn:mavedb:00000072-a-1#35,NA,NA,p.Ser102Tyr,0.057446851795341265
urn:mavedb:00000072-a-1#37,NA,NA,p.Asn94Tyr,0.03916830804227814
urn:mavedb:00000072-a-1#38,NA,NA,p.His93Tyr,0.03916830804227814
urn:mavedb:00000072-a-1#41,NA,NA,p.Cys85Tyr,0.0
urn:mavedb:00000072-a-1#42,NA,NA,p.Phe83Tyr,0.1846505950564541
urn:mavedb:00000072-a-1#43,NA,NA,p.Asn81Tyr,0.3977089739677472
urn:mavedb:00000072-a-1#45,NA,NA,p.Gln78Tyr,0.861702776930119
urn:mavedb:00000072-a-1#47,NA,NA,p.Ser68Tyr,0.0
urn:mavedb:00000072-a-1#48,NA,NA,p.Phe65Tyr,0.0
urn:mavedb:00000072-a-1#52,NA,NA,p.Ser60Tyr,2.585108330790357
urn:mavedb:00000072-a-1#54,NA,NA,p.Asn50Tyr,0.03746533812739648
urn:mavedb:00000072-a-1#56,NA,NA,p.Asn44Tyr,0.027796863771939326
urn:mavedb:00000072-a-1#58,NA,NA,p.Ser35Tyr,0.0
urn:mavedb:00000072-a-1#62,NA,NA,p.Asp16Tyr,0.4308513884650595
urn:mavedb:00000072-a-1#66,NA,NA,p.Gly80Trp,0.061550198352151364
urn:mavedb:00000072-a-1#69,NA,NA,p.Cys27Trp,0.0
urn:mavedb:00000072-a-1#72,NA,NA,p.Gly106Val,1.723405553860238
urn:mavedb:00000072-a-1#74,NA,NA,p.Leu103Val,2.8436191638693926
urn:mavedb:00000072-a-1#75,NA,NA,p.Leu101Val,0.0
urn:mavedb:00000072-a-1#12,NA,NA,p.Lys69Ter,0.050688398642948176
urn:mavedb:00000072-a-1#4,NA,NA,p.Tyr96Ter,0.10137679728589637
urn:mavedb:00000072-a-1#5,NA,NA,p.Glu90Ter,0.17234055538602375
urn:mavedb:00000072-a-1#6,NA,NA,p.Cys85Ter,0.08837977199283271
urn:mavedb:00000072-a-1#7,NA,NA,p.Ser84Ter,0.0
urn:mavedb:00000072-a-1#8,NA,NA,p.Gln79Ter,0.038016298982211136
urn:mavedb:00000072-a-1#9,NA,NA,p.Gln78Ter,0.02190769771856235
urn:mavedb:00000072-a-1#10,NA,NA,p.Trp77Ter,0.05744685179534127
urn:mavedb:00000072-a-1#15,NA,NA,p.Tyr51Ter,0.02328926424135457
urn:mavedb:00000072-a-1#16,NA,NA,p.Glu48Ter,0.0
urn:mavedb:00000072-a-1#17,NA,NA,p.Gln46Ter,0.03314241449731227
urn:mavedb:00000072-a-1#18,NA,NA,p.Glu42Ter,0.08617027769301189
urn:mavedb:00000072-a-1#19,NA,NA,p.Trp41Ter,0.048960385052847666
urn:mavedb:00000072-a-1#20,NA,NA,p.Glu40Ter,0.07180856474417659
urn:mavedb:00000072-a-1#21,NA,NA,p.Tyr33Ter,0.0
urn:mavedb:00000072-a-1#22,NA,NA,p.Lys30Ter,0.050688398642948176
urn:mavedb:00000072-a-1#23,NA,NA,p.Cys27Ter,0.0
urn:mavedb:00000072-a-1#24,NA,NA,p.Gln22Ter,0.057446851795341265
urn:mavedb:00000072-a-1#25,NA,NA,p.Lys20Ter,0.0
urn:mavedb:00000072-a-1#26,NA,NA,p.Glu17Ter,0.0
urn:mavedb:00000072-a-1#27,NA,NA,p.Pro12Ter,0.0
urn:mavedb:00000072-a-1#28,NA,NA,p.Tyr9Ter,0.0
urn:mavedb:00000072-a-1#29,NA,NA,p.Gln7Ter,0.0061113672122703475
urn:mavedb:00000072-a-1#30,NA,NA,p.Glu5Ter,0.01657120724865614
urn:mavedb:00000072-a-1#31,NA,NA,p.Arg4Ter,0.013898431885969663
urn:mavedb:00000072-a-1#32,NA,NA,p.Gln2Ter,0.02611220536151876
urn:mavedb:00000072-a-1#33,NA,NA,p.Pro105Tyr,0.0
urn:mavedb:00000072-a-1#34,NA,NA,p.Ser104Tyr,0.6155019835215136
urn:mavedb:00000072-a-1#77,NA,NA,p.Glu90Val,0.1305610268075938
urn:mavedb:00000072-a-1#78,NA,NA,p.Met88Val,0.09315705696541828
urn:mavedb:00000072-a-1#79,NA,NA,p.Phe83Val,0.027796863771939326
urn:mavedb:00000072-a-1#80,NA,NA,p.Gly80Val,0.07493067625479295
urn:mavedb:00000072-a-1#81,NA,NA,p.Asp73Val,0.03746533812739648
urn:mavedb:00000072-a-1#82,NA,NA,p.Leu70Val,0.0
urn:mavedb:00000072-a-1#83,NA,NA,p.Leu66Val,1.1489370359068254
urn:mavedb:00000072-a-1#84,NA,NA,p.Phe65Val,0.0
urn:mavedb:00000072-a-1#85,NA,NA,p.Phe64Val,0.027796863771939326
urn:mavedb:00000072-a-1#86,NA,NA,p.Gly62Val,0.21542569423252972
urn:mavedb:00000072-a-1#87,NA,NA,p.Asp61Val,0.0
urn:mavedb:00000072-a-1#88,NA,NA,p.Asp59Val,0.0
urn:mavedb:00000072-a-1#89,NA,NA,p.Leu58Val,0.07833661608455628
urn:mavedb:00000072-a-1#90,NA,NA,p.Glu48Val,0.0
urn:mavedb:00000072-a-1#91,NA,NA,p.Gly45Val,0.03916830804227814
urn:mavedb:00000072-a-1#92,NA,NA,p.Glu42Val,0.13256965798924908
urn:mavedb:00000072-a-1#93,NA,NA,p.Glu40Val,0.1914895059844709
urn:mavedb:00000072-a-1#94,NA,NA,p.Ala38Val,2.0269599411878936
urn:mavedb:00000072-a-1#95,NA,NA,p.Ile37Val,0.03314241449731227
urn:mavedb:00000072-a-1#96,NA,NA,p.Asp36Val,0.2692821177906622
urn:mavedb:00000072-a-1#97,NA,NA,p.Phe32Val,0.08206693113620181
urn:mavedb:00000072-a-1#98,NA,NA,p.Gly31Val,0.10771284711626487
urn:mavedb:00000072-a-1#99,NA,NA,p.Leu28Val,0.0
urn:mavedb:00000072-a-1#100,NA,NA,p.Leu25Val,0.047872376496117724
urn:mavedb:00000072-a-1#101,NA,NA,p.Leu18Val,0.0
urn:mavedb:00000072-a-1#102,NA,NA,p.Glu17Val,0.020516732784050445
urn:mavedb:00000072-a-1#103,NA,NA,p.Asp16Val,0.0
urn:mavedb:00000072-a-1#104,NA,NA,p.Leu11Val,0.045352777733164165
urn:mavedb:00000072-a-1#105,NA,NA,p.Glu5Val,0.0
urn:mavedb:00000072-a-1#106,NA,NA,p.Gly1Val,1.005319906418472
urn:mavedb:00000072-a-1#107,NA,NA,p.Pro105Thr,1.4002670125114434
urn:mavedb:00000072-a-1#108,NA,NA,p.Ser104Thr,0.9123911755730671
urn:mavedb:00000072-a-1#109,NA,NA,p.Ser102Thr,0.17234055538602375
urn:mavedb:00000072-a-1#110,NA,NA,p.Ser100Thr,0.861702776930119
urn:mavedb:00000072-a-1#111,NA,NA,p.Lys99Thr,0.02154256942325297
urn:mavedb:00000072-a-1#112,NA,NA,p.His95Thr,0.0
urn:mavedb:00000072-a-1#114,NA,NA,p.Ala91Thr,0.054885527193001216
urn:mavedb:00000072-a-1#115,NA,NA,p.Met88Thr,0.10771284711626487
urn:mavedb:00000072-a-1#116,NA,NA,p.Ser86Thr,1.2207456006510018
urn:mavedb:00000072-a-1#117,NA,NA,p.Ser84Thr,2.4441024218381555
urn:mavedb:00000072-a-1#118,NA,NA,p.Asn81Thr,2.154256942325297
urn:mavedb:00000072-a-1#119,NA,NA,p.Arg76Thr,0.057446851795341265
urn:mavedb:00000072-a-1#120,NA,NA,p.Ser75Thr,0.861702776930119
urn:mavedb:00000072-a-1#121,NA,NA,p.Lys74Thr,0.2328926424135457
urn:mavedb:00000072-a-1#122,NA,NA,p.Lys69Thr,0.04924015868172108
urn:mavedb:00000072-a-1#123,NA,NA,p.Ser68Thr,0.0
urn:mavedb:00000072-a-1#124,NA,NA,p.Ser63Thr,2.075920326240741
urn:mavedb:00000072-a-1#228,NA,NA,p.Ser24Asn,0.06462770826975893
urn:mavedb:00000072-a-1#229,NA,NA,p.Lys20Asn,2.251545965527085
urn:mavedb:00000072-a-1#230,NA,NA,p.Thr19Asn,0.17952141186044146
urn:mavedb:00000072-a-1#231,NA,NA,p.Asp16Asn,0.049713621745968405
urn:mavedb:00000072-a-1#232,NA,NA,p.Thr10Asn,0.05385642355813244
urn:mavedb:00000072-a-1#233,NA,NA,p.Tyr9Asn,0.0
urn:mavedb:00000072-a-1#234,NA,NA,p.Glu5Asn,0.0
urn:mavedb:00000072-a-1#235,NA,NA,p.Pro105Met,0.0
urn:mavedb:00000072-a-1#236,NA,NA,p.Leu103Met,0.8343471332180518
urn:mavedb:00000072-a-1#237,NA,NA,p.Lys99Met,0.026513931597849816
urn:mavedb:00000072-a-1#238,NA,NA,p.Thr97Met,0.0
urn:mavedb:00000072-a-1#239,NA,NA,p.Leu92Met,0.03693011901129081
urn:mavedb:00000072-a-1#240,NA,NA,p.Val87Met,0.0468316726592456
urn:mavedb:00000072-a-1#241,NA,NA,p.Arg76Met,0.03693011901129081
urn:mavedb:00000072-a-1#242,NA,NA,p.Lys74Met,0.04308513884650594
urn:mavedb:00000072-a-1#243,NA,NA,p.Val72Met,0.04854663532000671
urn:mavedb:00000072-a-1#244,NA,NA,p.Lys69Met,0.040392317668599326
urn:mavedb:00000072-a-1#245,NA,NA,p.Leu58Met,0.22479202876437887
urn:mavedb:00000072-a-1#246,NA,NA,p.Val57Met,0.00883797719928327
urn:mavedb:00000072-a-1#247,NA,NA,p.Thr54Met,0.03565666663159113
urn:mavedb:00000072-a-1#248,NA,NA,p.Lys52Met,0.0073025659061874484
urn:mavedb:00000072-a-1#249,NA,NA,p.Glu42Met,0.0
urn:mavedb:00000072-a-1#250,NA,NA,p.Trp41Met,0.0
urn:mavedb:00000072-a-1#251,NA,NA,p.Val39Met,0.030775099176075682
urn:mavedb:00000072-a-1#252,NA,NA,p.Ile37Met,0.0
urn:mavedb:00000072-a-1#253,NA,NA,p.Leu28Met,0.040392317668599326
urn:mavedb:00000072-a-1#254,NA,NA,p.Leu25Met,0.02154256942325297
urn:mavedb:00000072-a-1#255,NA,NA,p.Lys20Met,2.1796011416467715
urn:mavedb:00000072-a-1#256,NA,NA,p.Leu18Met,0.6548941104668905
urn:mavedb:00000072-a-1#257,NA,NA,p.Leu11Met,0.058752462063417214
urn:mavedb:00000072-a-1#258,NA,NA,p.Val8Met,0.0
urn:mavedb:00000072-a-1#259,NA,NA,p.Pro105Leu,0.4856870197242489
urn:mavedb:00000072-a-1#260,NA,NA,p.Ser104Leu,0.5744685179534127
urn:mavedb:00000072-a-1#261,NA,NA,p.Ser102Leu,2.585108330790357
urn:mavedb:00000072-a-1#262,NA,NA,p.Gln98Leu,0.020516732784050445
urn:mavedb:00000072-a-1#263,NA,NA,p.His95Leu,0.03916830804227814
urn:mavedb:00000072-a-1#264,NA,NA,p.His93Leu,0.03446811107720476
urn:mavedb:00000072-a-1#265,NA,NA,p.His89Leu,0.08206693113620181
urn:mavedb:00000072-a-1#266,NA,NA,p.Met88Leu,0.015667323216911253
urn:mavedb:00000072-a-1#267,NA,NA,p.Val87Leu,0.061550198352151364
urn:mavedb:00000072-a-1#268,NA,NA,p.Ser84Leu,1.3541043637473298
urn:mavedb:00000072-a-1#269,NA,NA,p.Phe83Leu,0.006949215942984832
urn:mavedb:00000072-a-1#270,NA,NA,p.Val82Leu,0.06628482899462454
urn:mavedb:00000072-a-1#271,NA,NA,p.Gly80Leu,0.0
urn:mavedb:00000072-a-1#272,NA,NA,p.Gln79Leu,0.14667281309448835
urn:mavedb:00000072-a-1#273,NA,NA,p.Gln78Leu,2.4620079340860546
urn:mavedb:00000072-a-1#274,NA,NA,p.Trp77Leu,0.12310039670430273
urn:mavedb:00000072-a-1#275,NA,NA,p.Val72Leu,0.03114588350349828
urn:mavedb:00000072-a-1#276,NA,NA,p.Phe65Leu,0.04700196965073376
urn:mavedb:00000072-a-1#277,NA,NA,p.Phe64Leu,0.2040874997992387
urn:mavedb:00000072-a-1#278,NA,NA,p.Ser60Leu,0.861702776930119
urn:mavedb:00000072-a-1#279,NA,NA,p.Val57Leu,0.029713888859659282
urn:mavedb:00000072-a-1#280,NA,NA,p.Pro56Leu,0.10771284711626487
urn:mavedb:00000072-a-1#281,NA,NA,p.Pro55Leu,0.26513931597849816
urn:mavedb:00000072-a-1#282,NA,NA,p.Pro47Leu,0.045352777733164165
urn:mavedb:00000072-a-1#283,NA,NA,p.Gln46Leu,0.03446811107720476
urn:mavedb:00000072-a-1#284,NA,NA,p.Trp41Leu,0.11489370359068253
urn:mavedb:00000072-a-1#285,NA,NA,p.Val39Leu,0.10582314804404973
urn:mavedb:00000072-a-1#286,NA,NA,p.Ile37Leu,0.0
urn:mavedb:00000072-a-1#287,NA,NA,p.Pro34Leu,0.02328926424135457
urn:mavedb:00000072-a-1#288,NA,NA,p.Phe32Leu,0.09114163986760873
urn:mavedb:00000072-a-1#289,NA,NA,p.Val29Leu,0.06628482899462454
urn:mavedb:00000072-a-1#290,NA,NA,p.Val23Leu,0.0
urn:mavedb:00000072-a-1#291,NA,NA,p.Gln22Leu,0.0
urn:mavedb:00000072-a-1#292,NA,NA,p.Lys20Leu,0.0
urn:mavedb:00000072-a-1#293,NA,NA,p.Arg15Leu,0.13605833319949248
urn:mavedb:00000072-a-1#294,NA,NA,p.Pro13Leu,0.09755125776567383
urn:mavedb:00000072-a-1#295,NA,NA,p.Pro12Leu,0.10340433323161427
urn:mavedb:00000072-a-1#296,NA,NA,p.Val8Leu,0.0
urn:mavedb:00000072-a-1#297,NA,NA,p.Gln7Leu,0.04308513884650594
urn:mavedb:00000072-a-1#298,NA,NA,p.Pro6Leu,0.06382983532815696
urn:mavedb:00000072-a-1#299,NA,NA,p.Arg4Leu,0.27211666639898496
urn:mavedb:00000072-a-1#300,NA,NA,p.Pro3Leu,0.861702776930119
urn:mavedb:00000072-a-1#301,NA,NA,p.Gln2Leu,0.4021279625673888
urn:mavedb:00000072-a-1#302,NA,NA,p.Pro105Lys,0.0
urn:mavedb:00000072-a-1#303,NA,NA,p.Leu103Lys,0.0
urn:mavedb:00000072-a-1#304,NA,NA,p.Gln98Lys,2.585108330790357
urn:mavedb:00000072-a-1#305,NA,NA,p.Thr97Lys,0.15667323216911255
urn:mavedb:00000072-a-1#306,NA,NA,p.Asn94Lys,0.07558796288860692
urn:mavedb:00000072-a-1#307,NA,NA,p.Glu90Lys,0.11750492412683446
urn:mavedb:00000072-a-1#308,NA,NA,p.Met88Lys,0.03314241449731227
urn:mavedb:00000072-a-1#309,NA,NA,p.Asn81Lys,0.21542569423252972
urn:mavedb:00000072-a-1#310,NA,NA,p.Gln79Lys,0.3133464643382251
urn:mavedb:00000072-a-1#311,NA,NA,p.Gln78Lys,0.0
urn:mavedb:00000072-a-1#312,NA,NA,p.Arg76Lys,0.18364157541133685
urn:mavedb:00000072-a-1#313,NA,NA,p.Thr54Lys,0.06628482899462454
urn:mavedb:00000072-a-1#314,NA,NA,p.Asn50Lys,0.08377665886820602
urn:mavedb:00000072-a-1#315,NA,NA,p.Asn49Lys,0.861702776930119
urn:mavedb:00000072-a-1#316,NA,NA,p.Glu48Lys,0.0936633453184912
urn:mavedb:00000072-a-1#317,NA,NA,p.Gln46Lys,0.28723425897670635
urn:mavedb:00000072-a-1#318,NA,NA,p.Asn44Lys,0.11885555543863713
urn:mavedb:00000072-a-1#319,NA,NA,p.Glu42Lys,0.14361712948835315
urn:mavedb:00000072-a-1#320,NA,NA,p.Glu40Lys,0.6537055549125041
urn:mavedb:00000072-a-1#321,NA,NA,p.Gln22Lys,0.17952141186044146
urn:mavedb:00000072-a-1#322,NA,NA,p.Asn21Lys,0.7783121856143009
urn:mavedb:00000072-a-1#323,NA,NA,p.Glu17Lys,0.061550198352151364
urn:mavedb:00000072-a-1#324,NA,NA,p.Gln7Lys,0.21542569423252972
urn:mavedb:00000072-a-1#325,NA,NA,p.Glu5Lys,0.21542569423252972
urn:mavedb:00000072-a-1#326,NA,NA,p.Gln2Lys,0.6462770826975892
urn:mavedb:00000072-a-1#327,NA,NA,p.Leu101Ile,1.1872349371037194
urn:mavedb:00000072-a-1#328,NA,NA,p.Ser100Ile,0.11239601438218944
urn:mavedb:00000072-a-1#329,NA,NA,p.Thr97Ile,1.938831248092768
urn:mavedb:00000072-a-1#330,NA,NA,p.Asn94Ile,0.02611220536151876
urn:mavedb:00000072-a-1#331,NA,NA,p.Met88Ile,0.14648947207812024
urn:mavedb:00000072-a-1#332,NA,NA,p.Val87Ile,0.0
urn:mavedb:00000072-a-1#333,NA,NA,p.Ser86Ile,0.0
urn:mavedb:00000072-a-1#334,NA,NA,p.Phe83Ile,0.06382983532815696
urn:mavedb:00000072-a-1#335,NA,NA,p.Val82Ile,0.3493389636203185
urn:mavedb:00000072-a-1#336,NA,NA,p.Asn81Ile,1.1848413182789137
urn:mavedb:00000072-a-1#337,NA,NA,p.Ser75Ile,1.317898364716653
urn:mavedb:00000072-a-1#338,NA,NA,p.Lys74Ile,0.0
urn:mavedb:00000072-a-1#339,NA,NA,p.Thr71Ile,0.08991681150575154
urn:mavedb:00000072-a-1#340,NA,NA,p.Leu70Ile,0.08617027769301189
urn:mavedb:00000072-a-1#341,NA,NA,p.Ser68Ile,0.0
urn:mavedb:00000072-a-1#342,NA,NA,p.Leu66Ile,0.06893622215440952
urn:mavedb:00000072-a-1#343,NA,NA,p.Phe65Ile,0.022676388866582083
urn:mavedb:00000072-a-1#344,NA,NA,p.Phe64Ile,0.058752462063417214
urn:mavedb:00000072-a-1#345,NA,NA,p.Ser60Ile,0.0
urn:mavedb:00000072-a-1#346,NA,NA,p.Val57Ile,0.0
urn:mavedb:00000072-a-1#347,NA,NA,p.Thr54Ile,0.0
urn:mavedb:00000072-a-1#348,NA,NA,p.Thr53Ile,0.0
urn:mavedb:00000072-a-1#349,NA,NA,p.Lys52Ile,0.0
urn:mavedb:00000072-a-1#350,NA,NA,p.Asn50Ile,0.019148950598447092
urn:mavedb:00000072-a-1#351,NA,NA,p.Asn49Ile,0.4308513884650595
urn:mavedb:00000072-a-1#352,NA,NA,p.Asn44Ile,0.030059399195236713
urn:mavedb:00000072-a-1#353,NA,NA,p.Ser43Ile,0.07493067625479295
urn:mavedb:00000072-a-1#354,NA,NA,p.Ser35Ile,0.0769377479401892
urn:mavedb:00000072-a-1#355,NA,NA,p.Phe32Ile,0.10137679728589637
urn:mavedb:00000072-a-1#356,NA,NA,p.Lys30Ile,0.041033465568100905
urn:mavedb:00000072-a-1#357,NA,NA,p.Val29Ile,0.04952314809943213
urn:mavedb:00000072-a-1#358,NA,NA,p.Thr26Ile,0.04237882509492389
urn:mavedb:00000072-a-1#359,NA,NA,p.Ser24Ile,0.12310039670430273
urn:mavedb:00000072-a-1#360,NA,NA,p.Val23Ile,0.05559372754387865
urn:mavedb:00000072-a-1#361,NA,NA,p.Asn21Ile,0.17234055538602375
urn:mavedb:00000072-a-1#362,NA,NA,p.Thr19Ile,0.7907390188299915
urn:mavedb:00000072-a-1#363,NA,NA,p.Leu18Ile,0.0
urn:mavedb:00000072-a-1#364,NA,NA,p.Thr10Ile,0.08319888880704596
urn:mavedb:00000072-a-1#365,NA,NA,p.Val8Ile,0.0
urn:mavedb:00000072-a-1#367,NA,NA,p.Leu101His,0.06382983532815696
urn:mavedb:00000072-a-1#368,NA,NA,p.Gln98His,0.05559372754387865
urn:mavedb:00000072-a-1#369,NA,NA,p.Tyr96His,0.05559372754387865
urn:mavedb:00000072-a-1#370,NA,NA,p.Asn94His,0.0
urn:mavedb:00000072-a-1#371,NA,NA,p.Asn81His,0.861702776930119
urn:mavedb:00000072-a-1#372,NA,NA,p.Gln79His,0.21150886342830194
urn:mavedb:00000072-a-1#373,NA,NA,p.Gln78His,0.09755125776567383
urn:mavedb:00000072-a-1#374,NA,NA,p.Asp73His,0.21542569423252972
urn:mavedb:00000072-a-1#375,NA,NA,p.Thr71His,0.0
urn:mavedb:00000072-a-1#376,NA,NA,p.Leu70His,0.17234055538602375
urn:mavedb:00000072-a-1#377,NA,NA,p.Tyr67His,0.05385642355813244
urn:mavedb:00000072-a-1#378,NA,NA,p.Leu66His,0.0
urn:mavedb:00000072-a-1#379,NA,NA,p.Asp61His,0.0
urn:mavedb:00000072-a-1#380,NA,NA,p.Asp59His,0.0
urn:mavedb:00000072-a-1#381,NA,NA,p.Pro56His,0.04308513884650594
urn:mavedb:00000072-a-1#382,NA,NA,p.Pro55His,0.0
urn:mavedb:00000072-a-1#383,NA,NA,p.Tyr51His,0.04924015868172108
urn:mavedb:00000072-a-1#384,NA,NA,p.Asn50His,0.28723425897670635
urn:mavedb:00000072-a-1#385,NA,NA,p.Gln46His,0.3933860503376631
urn:mavedb:00000072-a-1#386,NA,NA,p.Asn44His,0.1914895059844709
urn:mavedb:00000072-a-1#387,NA,NA,p.Asp36His,0.0
urn:mavedb:00000072-a-1#388,NA,NA,p.Pro34His,0.051702166615807135
urn:mavedb:00000072-a-1#389,NA,NA,p.Tyr33His,0.09574475299223544
urn:mavedb:00000072-a-1#390,NA,NA,p.Cys27His,0.0
urn:mavedb:00000072-a-1#391,NA,NA,p.Gln22His,0.21230358272191335
urn:mavedb:00000072-a-1#392,NA,NA,p.Asn21His,0.0
urn:mavedb:00000072-a-1#393,NA,NA,p.Asp16His,0.0
urn:mavedb:00000072-a-1#394,NA,NA,p.Tyr9His,0.14361712948835315
urn:mavedb:00000072-a-1#395,NA,NA,p.Gln7His,0.07347853136613419
urn:mavedb:00000072-a-1#396,NA,NA,p.Pro3His,0.038016298982211136
urn:mavedb:00000072-a-1#397,NA,NA,p.Gln2His,0.4308513884650595
urn:mavedb:00000072-a-1#398,NA,NA,p.Ser100Gly,0.0
urn:mavedb:00000072-a-1#399,NA,NA,p.Ala91Gly,0.0
urn:mavedb:00000072-a-1#400,NA,NA,p.Glu90Gly,0.09315705696541828
urn:mavedb:00000072-a-1#401,NA,NA,p.Val87Gly,0.0
urn:mavedb:00000072-a-1#402,NA,NA,p.Cys85Gly,0.0
urn:mavedb:00000072-a-1#403,NA,NA,p.Val82Gly,0.0
urn:mavedb:00000072-a-1#404,NA,NA,p.Asn81Gly,0.0
urn:mavedb:00000072-a-1#405,NA,NA,p.Trp77Gly,0.0
urn:mavedb:00000072-a-1#406,NA,NA,p.Arg76Gly,0.1001979973174557
urn:mavedb:00000072-a-1#407,NA,NA,p.Ser75Gly,0.4924015868172109
urn:mavedb:00000072-a-1#408,NA,NA,p.Asp73Gly,0.10508570450367304
urn:mavedb:00000072-a-1#409,NA,NA,p.Val72Gly,0.0
urn:mavedb:00000072-a-1#410,NA,NA,p.Ser68Gly,0.08015839785396456
urn:mavedb:00000072-a-1#411,NA,NA,p.Asp61Gly,0.22479202876437887
urn:mavedb:00000072-a-1#412,NA,NA,p.Asp59Gly,0.05385642355813244
urn:mavedb:00000072-a-1#413,NA,NA,p.Val57Gly,0.0
urn:mavedb:00000072-a-1#415,NA,NA,p.Glu48Gly,0.09574475299223544
urn:mavedb:00000072-a-1#416,NA,NA,p.Ser43Gly,0.03191491766407848
urn:mavedb:00000072-a-1#417,NA,NA,p.Glu42Gly,0.08617027769301189
urn:mavedb:00000072-a-1#418,NA,NA,p.Trp41Gly,0.14361712948835315
urn:mavedb:00000072-a-1#419,NA,NA,p.Glu40Gly,1.1489370359068252
urn:mavedb:00000072-a-1#420,NA,NA,p.Val39Gly,0.0
urn:mavedb:00000072-a-1#421,NA,NA,p.Ala38Gly,0.0
urn:mavedb:00000072-a-1#422,NA,NA,p.Asp36Gly,0.0
urn:mavedb:00000072-a-1#423,NA,NA,p.Ser35Gly,0.11380980072661948
urn:mavedb:00000072-a-1#424,NA,NA,p.Val29Gly,0.28723425897670635
urn:mavedb:00000072-a-1#425,NA,NA,p.Cys27Gly,0.0
urn:mavedb:00000072-a-1#426,NA,NA,p.Ser24Gly,0.023936188248058862
urn:mavedb:00000072-a-1#427,NA,NA,p.Glu17Gly,0.06893622215440952
urn:mavedb:00000072-a-1#428,NA,NA,p.Asp16Gly,0.0
urn:mavedb:00000072-a-1#429,NA,NA,p.Arg15Gly,0.20680866646322854
urn:mavedb:00000072-a-1#430,NA,NA,p.Ser14Gly,0.861702776930119
urn:mavedb:00000072-a-1#431,NA,NA,p.Val8Gly,0.0
urn:mavedb:00000072-a-1#432,NA,NA,p.Glu5Gly,0.035904282372088286
urn:mavedb:00000072-a-1#433,NA,NA,p.Arg4Gly,0.21542569423252972
urn:mavedb:00000072-a-1#434,NA,NA,p.Ser104Phe,0.4924015868172109
urn:mavedb:00000072-a-1#435,NA,NA,p.Ser102Phe,0.08914166657897782
urn:mavedb:00000072-a-1#436,NA,NA,p.Leu101Phe,0.0
urn:mavedb:00000072-a-1#437,NA,NA,p.Tyr96Phe,1.4131925541653951
urn:mavedb:00000072-a-1#438,NA,NA,p.His95Phe,0.0
urn:mavedb:00000072-a-1#439,NA,NA,p.Ser86Phe,0.7539899298138539
urn:mavedb:00000072-a-1#440,NA,NA,p.Cys85Phe,0.28723425897670635
urn:mavedb:00000072-a-1#441,NA,NA,p.Val82Phe,0.4308513884650595
urn:mavedb:00000072-a-1#442,NA,NA,p.Leu70Phe,0.02328926424135457
urn:mavedb:00000072-a-1#443,NA,NA,p.Tyr67Phe,0.0
urn:mavedb:00000072-a-1#444,NA,NA,p.Leu66Phe,0.0
urn:mavedb:00000072-a-1#445,NA,NA,p.Ser63Phe,0.057446851795341265
urn:mavedb:00000072-a-1#446,NA,NA,p.Ser60Phe,2.2669411516161593
urn:mavedb:00000072-a-1#447,NA,NA,p.Tyr51Phe,0.3916830804227814
urn:mavedb:00000072-a-1#448,NA,NA,p.Ser35Phe,0.0
urn:mavedb:00000072-a-1#449,NA,NA,p.Tyr33Phe,0.0
urn:mavedb:00000072-a-1#450,NA,NA,p.Val29Phe,0.061550198352151364
urn:mavedb:00000072-a-1#451,NA,NA,p.Cys27Phe,0.0
urn:mavedb:00000072-a-1#452,NA,NA,p.Val23Phe,0.21542569423252972
urn:mavedb:00000072-a-1#453,NA,NA,p.Ser14Phe,0.03666820327362209
urn:mavedb:00000072-a-1#454,NA,NA,p.Tyr9Phe,0.0
urn:mavedb:00000072-a-1#455,NA,NA,p.Pro3Phe,0.0
urn:mavedb:00000072-a-1#456,NA,NA,p.Lys99Glu,0.07603259796442227
urn:mavedb:00000072-a-1#457,NA,NA,p.Gln98Glu,0.01958415402113907
urn:mavedb:00000072-a-1#458,NA,NA,p.Val87Glu,0.0
urn:mavedb:00000072-a-1#459,NA,NA,p.Asn81Glu,0.28723425897670635
urn:mavedb:00000072-a-1#460,NA,NA,p.Gly80Glu,0.12310039670430273
urn:mavedb:00000072-a-1#461,NA,NA,p.Gln79Glu,0.7539899298138542
urn:mavedb:00000072-a-1#462,NA,NA,p.Gln78Glu,1.8017421699447944
urn:mavedb:00000072-a-1#463,NA,NA,p.Lys74Glu,0.011489370359068251
urn:mavedb:00000072-a-1#464,NA,NA,p.Asp73Glu,1.4648947207812022
urn:mavedb:00000072-a-1#465,NA,NA,p.Val72Glu,0.0
urn:mavedb:00000072-a-1#466,NA,NA,p.Lys69Glu,0.057446851795341265
urn:mavedb:00000072-a-1#467,NA,NA,p.Gly62Glu,0.0
urn:mavedb:00000072-a-1#468,NA,NA,p.Asp61Glu,0.015387549588037841
urn:mavedb:00000072-a-1#469,NA,NA,p.Asp59Glu,0.0
urn:mavedb:00000072-a-1#470,NA,NA,p.Val57Glu,0.0
urn:mavedb:00000072-a-1#471,NA,NA,p.Lys52Glu,0.08617027769301189
urn:mavedb:00000072-a-1#472,NA,NA,p.Gln46Glu,0.5744685179534127
urn:mavedb:00000072-a-1#473,NA,NA,p.Gly45Glu,0.05559372754387865
urn:mavedb:00000072-a-1#474,NA,NA,p.Val39Glu,0.0
urn:mavedb:00000072-a-1#475,NA,NA,p.Ala38Glu,0.0
urn:mavedb:00000072-a-1#476,NA,NA,p.Asp36Glu,1.096712625183788
urn:mavedb:00000072-a-1#477,NA,NA,p.Lys30Glu,0.014126275031641296
urn:mavedb:00000072-a-1#478,NA,NA,p.Gln22Glu,2.477395483674092
urn:mavedb:00000072-a-1#479,NA,NA,p.Lys20Glu,2.4080461163526614
urn:mavedb:00000072-a-1#480,NA,NA,p.Asp16Glu,0.861702776930119
urn:mavedb:00000072-a-1#481,NA,NA,p.Val8Glu,0.0
urn:mavedb:00000072-a-1#482,NA,NA,p.Gln7Glu,3.0839888858551627
urn:mavedb:00000072-a-1#483,NA,NA,p.Gln2Glu,0.4924015868172109
urn:mavedb:00000072-a-1#484,NA,NA,p.Gly106Asp,1.4570610591727469
urn:mavedb:00000072-a-1#485,NA,NA,p.Tyr96Asp,0.0
urn:mavedb:00000072-a-1#486,NA,NA,p.His95Asp,0.0
urn:mavedb:00000072-a-1#487,NA,NA,p.Asn94Asp,0.14361712948835315
urn:mavedb:00000072-a-1#488,NA,NA,p.His93Asp,0.08617027769301189
urn:mavedb:00000072-a-1#489,NA,NA,p.Ala91Asp,0.03666820327362209
urn:mavedb:00000072-a-1#490,NA,NA,p.Glu90Asp,0.03977089739677472
urn:mavedb:00000072-a-1#491,NA,NA,p.His89Asp,0.0
urn:mavedb:00000072-a-1#492,NA,NA,p.Val82Asp,0.28723425897670635
urn:mavedb:00000072-a-1#493,NA,NA,p.Asn81Asp,2.4574486601340437
urn:mavedb:00000072-a-1#495,NA,NA,p.Gly62Asp,0.8946640853372819
urn:mavedb:00000072-a-1#496,NA,NA,p.Tyr51Asp,0.0
urn:mavedb:00000072-a-1#497,NA,NA,p.Asn50Asp,1.4002670125114434
urn:mavedb:00000072-a-1#132,NA,NA,p.Asn44Thr,0.0
urn:mavedb:00000072-a-1#133,NA,NA,p.Ser43Thr,0.04308513884650594
urn:mavedb:00000072-a-1#134,NA,NA,p.Ala38Thr,0.7991598334432555
urn:mavedb:00000072-a-1#135,NA,NA,p.Ile37Thr,0.0
urn:mavedb:00000072-a-1#136,NA,NA,p.His93Gln,1.2189941722426074
urn:mavedb:00000072-a-1#137,NA,NA,p.Leu92Gln,0.029713888859659282
urn:mavedb:00000072-a-1#138,NA,NA,p.His89Gln,0.030775099176075682
urn:mavedb:00000072-a-1#139,NA,NA,p.Lys74Gln,0.0
urn:mavedb:00000072-a-1#140,NA,NA,p.Lys69Gln,0.0
urn:mavedb:00000072-a-1#141,NA,NA,p.Leu58Gln,0.13605833319949248
urn:mavedb:00000072-a-1#142,NA,NA,p.Pro56Gln,0.0
urn:mavedb:00000072-a-1#143,NA,NA,p.Lys52Gln,0.06628482899462454
urn:mavedb:00000072-a-1#144,NA,NA,p.Glu48Gln,0.0
urn:mavedb:00000072-a-1#145,NA,NA,p.Pro47Gln,0.02462007934086054
urn:mavedb:00000072-a-1#146,NA,NA,p.Glu42Gln,0.34468111077204755
urn:mavedb:00000072-a-1#147,NA,NA,p.Glu40Gln,0.7386023802258164
urn:mavedb:00000072-a-1#148,NA,NA,p.Lys30Gln,0.0
urn:mavedb:00000072-a-1#149,NA,NA,p.Leu28Gln,0.0
urn:mavedb:00000072-a-1#150,NA,NA,p.Leu25Gln,0.0
urn:mavedb:00000072-a-1#151,NA,NA,p.Asn21Gln,0.0
urn:mavedb:00000072-a-1#152,NA,NA,p.Lys20Gln,3.331917404129793
urn:mavedb:00000072-a-1#153,NA,NA,p.Leu18Gln,0.05559372754387865
urn:mavedb:00000072-a-1#154,NA,NA,p.Arg15Gln,1.6896132880982726
urn:mavedb:00000072-a-1#163,NA,NA,p.Ser102Pro,0.07180856474417659
urn:mavedb:00000072-a-1#164,NA,NA,p.Leu101Pro,0.12310039670430273
urn:mavedb:00000072-a-1#165,NA,NA,p.Gln98Pro,0.0
urn:mavedb:00000072-a-1#166,NA,NA,p.Thr97Pro,0.0
urn:mavedb:00000072-a-1#167,NA,NA,p.His95Pro,0.0
urn:mavedb:00000072-a-1#168,NA,NA,p.His93Pro,3.2313854134879465
urn:mavedb:00000072-a-1#169,NA,NA,p.Leu92Pro,0.045352777733164165
urn:mavedb:00000072-a-1#170,NA,NA,p.Ala91Pro,0.0
urn:mavedb:00000072-a-1#171,NA,NA,p.His89Pro,0.0
urn:mavedb:00000072-a-1#172,NA,NA,p.Ser86Pro,0.0
urn:mavedb:00000072-a-1#173,NA,NA,p.Ser84Pro,0.12672099660737046
urn:mavedb:00000072-a-1#174,NA,NA,p.Gln79Pro,0.0
urn:mavedb:00000072-a-1#175,NA,NA,p.Gln78Pro,0.0
urn:mavedb:00000072-a-1#176,NA,NA,p.Thr71Pro,0.0
urn:mavedb:00000072-a-1#177,NA,NA,p.Leu70Pro,0.09574475299223544
urn:mavedb:00000072-a-1#178,NA,NA,p.Leu66Pro,0.2350098482536689
urn:mavedb:00000072-a-1#179,NA,NA,p.Ser63Pro,0.0
urn:mavedb:00000072-a-1#181,NA,NA,p.Leu58Pro,0.02611220536151876
urn:mavedb:00000072-a-1#182,NA,NA,p.Thr54Pro,0.0
urn:mavedb:00000072-a-1#183,NA,NA,p.Thr53Pro,0.0
urn:mavedb:00000072-a-1#184,NA,NA,p.Gln46Pro,0.0
urn:mavedb:00000072-a-1#185,NA,NA,p.Ala38Pro,0.14361712948835315
urn:mavedb:00000072-a-1#186,NA,NA,p.Leu28Pro,0.03640997649000503
urn:mavedb:00000072-a-1#187,NA,NA,p.Thr26Pro,0.0
urn:mavedb:00000072-a-1#188,NA,NA,p.Leu25Pro,0.07603259796442227
urn:mavedb:00000072-a-1#189,NA,NA,p.Gln22Pro,0.0
urn:mavedb:00000072-a-1#190,NA,NA,p.Thr19Pro,0.0
urn:mavedb:00000072-a-1#191,NA,NA,p.Leu18Pro,0.04007919892698228
urn:mavedb:00000072-a-1#192,NA,NA,p.Arg15Pro,2.2500016953175335
urn:mavedb:00000072-a-1#193,NA,NA,p.Ser14Pro,1.852660970399756
urn:mavedb:00000072-a-1#194,NA,NA,p.Leu11Pro,0.03916830804227814
urn:mavedb:00000072-a-1#195,NA,NA,p.Thr10Pro,0.0
urn:mavedb:00000072-a-1#196,NA,NA,p.Gln7Pro,0.0
urn:mavedb:00000072-a-1#197,NA,NA,p.Arg4Pro,0.861702776930119
urn:mavedb:00000072-a-1#198,NA,NA,p.Gln2Pro,0.861702776930119
urn:mavedb:00000072-a-1#199,NA,NA,p.Gly106Asn,0.0
urn:mavedb:00000072-a-1#200,NA,NA,p.Ser100Asn,0.07603259796442227
urn:mavedb:00000072-a-1#201,NA,NA,p.Lys99Asn,0.014361712948835316
urn:mavedb:00000072-a-1#202,NA,NA,p.Tyr96Asn,0.01873266906369824
urn:mavedb:00000072-a-1#203,NA,NA,p.His95Asn,0.08617027769301189
urn:mavedb:00000072-a-1#204,NA,NA,p.His93Asn,0.07180856474417659
urn:mavedb:00000072-a-1#205,NA,NA,p.His89Asn,0.1914895059844709
urn:mavedb:00000072-a-1#206,NA,NA,p.Gln78Asn,0.0
urn:mavedb:00000072-a-1#207,NA,NA,p.Arg76Asn,0.0
urn:mavedb:00000072-a-1#208,NA,NA,p.Ser75Asn,0.7539899298138542
urn:mavedb:00000072-a-1#209,NA,NA,p.Lys74Asn,0.10605572639139926
urn:mavedb:00000072-a-1#210,NA,NA,p.Asp73Asn,0.218641003101672
urn:mavedb:00000072-a-1#211,NA,NA,p.Thr71Asn,0.2350098482536689
urn:mavedb:00000072-a-1#212,NA,NA,p.Lys69Asn,0.06802916659974624
urn:mavedb:00000072-a-1#213,NA,NA,p.Ser68Asn,0.050688398642948176
urn:mavedb:00000072-a-1#214,NA,NA,p.Tyr67Asn,0.0
urn:mavedb:00000072-a-1#215,NA,NA,p.Asp61Asn,0.0
urn:mavedb:00000072-a-1#216,NA,NA,p.Asp59Asn,0.03666820327362209
urn:mavedb:00000072-a-1#217,NA,NA,p.Thr53Asn,1.8191503068524737
urn:mavedb:00000072-a-1#218,NA,NA,p.Lys52Asn,0.030775099176075682
urn:mavedb:00000072-a-1#219,NA,NA,p.Tyr51Asn,0.02692821177906622
urn:mavedb:00000072-a-1#220,NA,NA,p.Ser43Asn,0.06714567092961966
urn:mavedb:00000072-a-1#221,NA,NA,p.Glu42Asn,0.0
urn:mavedb:00000072-a-1#222,NA,NA,p.Ile37Asn,0.0
urn:mavedb:00000072-a-1#223,NA,NA,p.Asp36Asn,0.2822819441667631
urn:mavedb:00000072-a-1#224,NA,NA,p.Ser35Asn,0.09232529752822703
urn:mavedb:00000072-a-1#225,NA,NA,p.Tyr33Asn,0.14361712948835315
urn:mavedb:00000072-a-1#226,NA,NA,p.Lys30Asn,0.1513802175688047
urn:mavedb:00000072-a-1#227,NA,NA,p.Thr26Asn,0.0
urn:mavedb:00000072-a-1#498,NA,NA,p.Asn49Asp,0.7867721006753261
urn:mavedb:00000072-a-1#499,NA,NA,p.Glu48Asp,0.023936188248058862
urn:mavedb:00000072-a-1#500,NA,NA,p.Asn44Asp,0.27322283170955
urn:mavedb:00000072-a-1#501,NA,NA,p.Glu42Asp,0.13939309626810747
urn:mavedb:00000072-a-1#502,NA,NA,p.Glu40Asp,0.16911923659376166
urn:mavedb:00000072-a-1#503,NA,NA,p.Ala38Asp,0.21542569423252972
urn:mavedb:00000072-a-1#504,NA,NA,p.Tyr33Asp,0.0
urn:mavedb:00000072-a-1#505,NA,NA,p.Gly31Asp,1.069947614688231
urn:mavedb:00000072-a-1#506,NA,NA,p.Val29Asp,0.0
urn:mavedb:00000072-a-1#507,NA,NA,p.Val23Asp,0.0
urn:mavedb:00000072-a-1#508,NA,NA,p.Asn21Asp,2.1542569423252984
urn:mavedb:00000072-a-1#414,NA,NA,p.Thr54Gly,0.0
urn:mavedb:00000072-a-1#509,NA,NA,p.Glu17Asp,0.059427777719318564
urn:mavedb:00000072-a-1#510,NA,NA,p.Tyr9Asp,0.0
urn:mavedb:00000072-a-1#511,NA,NA,p.Glu5Asp,0.07180856474417659
urn:mavedb:00000072-a-1#512,NA,NA,p.Gly1Asp,0.1218569583537542
urn:mavedb:00000072-a-1#513,NA,NA,p.Gly106Cys,2.5212784954622003
urn:mavedb:00000072-a-1#514,NA,NA,p.Ser104Cys,0.0
urn:mavedb:00000072-a-1#515,NA,NA,p.Leu103Cys,1.1489370359068254
urn:mavedb:00000072-a-1#516,NA,NA,p.Ser100Cys,0.12310039670430273
urn:mavedb:00000072-a-1#517,NA,NA,p.Tyr96Cys,0.061550198352151364
urn:mavedb:00000072-a-1#518,NA,NA,p.Ser86Cys,0.0
urn:mavedb:00000072-a-1#519,NA,NA,p.Phe83Cys,0.0
urn:mavedb:00000072-a-1#520,NA,NA,p.Trp77Cys,0.09070555546632833
urn:mavedb:00000072-a-1#521,NA,NA,p.Arg76Cys,0.0
urn:mavedb:00000072-a-1#522,NA,NA,p.Ser75Cys,0.050688398642948176
urn:mavedb:00000072-a-1#523,NA,NA,p.Ser68Cys,0.025344199321474088
urn:mavedb:00000072-a-1#524,NA,NA,p.Tyr67Cys,0.023936188248058862
urn:mavedb:00000072-a-1#571,NA,NA,p.Pro56Ser,0.22978740718136506
urn:mavedb:00000072-a-1#572,NA,NA,p.Pro55Ser,0.05442333327979699
urn:mavedb:00000072-a-1#573,NA,NA,p.Thr54Ser,0.07180856474417659
urn:mavedb:00000072-a-1#574,NA,NA,p.Thr53Ser,0.11000460982086624
urn:mavedb:00000072-a-1#575,NA,NA,p.Tyr51Ser,0.0
urn:mavedb:00000072-a-1#576,NA,NA,p.Asn50Ser,0.09070555546632833
urn:mavedb:00000072-a-1#577,NA,NA,p.Asn49Ser,1.2925541653951786
urn:mavedb:00000072-a-1#578,NA,NA,p.Pro47Ser,0.03446811107720476
urn:mavedb:00000072-a-1#579,NA,NA,p.Asn44Ser,0.11047471499104088
urn:mavedb:00000072-a-1#580,NA,NA,p.Trp41Ser,0.28723425897670635
urn:mavedb:00000072-a-1#581,NA,NA,p.Ala38Ser,0.2319969014811859
urn:mavedb:00000072-a-1#582,NA,NA,p.Pro34Ser,0.056505100126565184
urn:mavedb:00000072-a-1#583,NA,NA,p.Phe32Ser,0.11885555543863713
urn:mavedb:00000072-a-1#584,NA,NA,p.Gly31Ser,0.0
urn:mavedb:00000072-a-1#585,NA,NA,p.Cys27Ser,0.0
urn:mavedb:00000072-a-1#586,NA,NA,p.Thr26Ser,0.0
urn:mavedb:00000072-a-1#587,NA,NA,p.Asn21Ser,0.9694156240463838
urn:mavedb:00000072-a-1#588,NA,NA,p.Thr19Ser,0.4754222217545485
urn:mavedb:00000072-a-1#589,NA,NA,p.Leu18Ser,0.0
urn:mavedb:00000072-a-1#590,NA,NA,p.Pro13Ser,0.02997227050191718
urn:mavedb:00000072-a-1#591,NA,NA,p.Pro12Ser,0.061550198352151364
urn:mavedb:00000072-a-1#592,NA,NA,p.Leu11Ser,0.861702776930119
urn:mavedb:00000072-a-1#593,NA,NA,p.Thr10Ser,0.015667323216911253
urn:mavedb:00000072-a-1#594,NA,NA,p.Tyr9Ser,0.0
urn:mavedb:00000072-a-1#595,NA,NA,p.Pro6Ser,0.056505100126565184
urn:mavedb:00000072-a-1#596,NA,NA,p.Pro3Ser,0.08665167589241421
urn:mavedb:00000072-a-1#597,NA,NA,p.Gly1Ser,0.20516732784050454
urn:mavedb:00000072-a-1#598,NA,NA,p.Gly106Arg,0.2692821177906622
urn:mavedb:00000072-a-1#599,NA,NA,p.Pro105Arg,0.12310039670430273
urn:mavedb:00000072-a-1#600,NA,NA,p.Leu103Arg,0.861702776930119
urn:mavedb:00000072-a-1#602,NA,NA,p.Ser100Arg,0.12310039670430273
urn:mavedb:00000072-a-1#603,NA,NA,p.Lys99Arg,0.2982817304758104
urn:mavedb:00000072-a-1#604,NA,NA,p.Gln98Arg,2.222286108925044
urn:mavedb:00000072-a-1#605,NA,NA,p.Thr97Arg,0.10771284711626487
urn:mavedb:00000072-a-1#606,NA,NA,p.His95Arg,0.6893622215440952
urn:mavedb:00000072-a-1#607,NA,NA,p.His93Arg,0.6628482899462453
urn:mavedb:00000072-a-1#608,NA,NA,p.Leu92Arg,0.061550198352151364
urn:mavedb:00000072-a-1#609,NA,NA,p.His89Arg,0.04924015868172108
urn:mavedb:00000072-a-1#610,NA,NA,p.Met88Arg,0.0
urn:mavedb:00000072-a-1#611,NA,NA,p.Cys85Arg,0.09574475299223544
urn:mavedb:00000072-a-1#612,NA,NA,p.Gly80Arg,0.0
urn:mavedb:00000072-a-1#613,NA,NA,p.Gln79Arg,0.3093292019749145
urn:mavedb:00000072-a-1#614,NA,NA,p.Gln78Arg,0.029713888859659282
urn:mavedb:00000072-a-1#615,NA,NA,p.Trp77Arg,0.10258366392025227
urn:mavedb:00000072-a-1#616,NA,NA,p.Ser75Arg,0.4787237649611773
urn:mavedb:00000072-a-1#617,NA,NA,p.Lys74Arg,0.8812869309512582
urn:mavedb:00000072-a-1#664,NA,NA,p.Val82Ala,0.07833661608455628
urn:mavedb:00000072-a-1#665,NA,NA,p.Asp73Ala,0.4308513884650595
urn:mavedb:00000072-a-1#666,NA,NA,p.Val72Ala,0.05619800719109472
urn:mavedb:00000072-a-1#667,NA,NA,p.Thr71Ala,0.031334646433822506
urn:mavedb:00000072-a-1#668,NA,NA,p.Ser63Ala,0.14361712948835315
urn:mavedb:00000072-a-1#669,NA,NA,p.Gly62Ala,0.07833661608455628
urn:mavedb:00000072-a-1#670,NA,NA,p.Ser60Ala,0.34468111077204755
urn:mavedb:00000072-a-1#671,NA,NA,p.Asp59Ala,0.0
urn:mavedb:00000072-a-1#672,NA,NA,p.Val57Ala,0.06382983532815696
urn:mavedb:00000072-a-1#673,NA,NA,p.Pro55Ala,0.17234055538602375
urn:mavedb:00000072-a-1#674,NA,NA,p.Thr54Ala,0.027355643712067272
urn:mavedb:00000072-a-1#675,NA,NA,p.Thr53Ala,0.08914166657897782
urn:mavedb:00000072-a-1#676,NA,NA,p.Glu48Ala,0.0
urn:mavedb:00000072-a-1#677,NA,NA,p.Pro47Ala,0.035904282372088286
urn:mavedb:00000072-a-1#678,NA,NA,p.Gly45Ala,0.0
urn:mavedb:00000072-a-1#679,NA,NA,p.Glu42Ala,0.28723425897670635
urn:mavedb:00000072-a-1#680,NA,NA,p.Glu40Ala,0.6702132709456482
urn:mavedb:00000072-a-1#681,NA,NA,p.Val39Ala,0.04308513884650594
urn:mavedb:00000072-a-1#682,NA,NA,p.Pro34Ala,0.047872376496117724
urn:mavedb:00000072-a-1#683,NA,NA,p.Gly31Ala,0.0
urn:mavedb:00000072-a-1#684,NA,NA,p.Val29Ala,0.31914917664078485
urn:mavedb:00000072-a-1#685,NA,NA,p.Thr26Ala,0.04203428180146922
urn:mavedb:00000072-a-1#686,NA,NA,p.Val23Ala,0.08078463533719865
urn:mavedb:00000072-a-1#687,NA,NA,p.Thr19Ala,0.3891560928071505
urn:mavedb:00000072-a-1#688,NA,NA,p.Glu17Ala,0.0
urn:mavedb:00000072-a-1#689,NA,NA,p.Asp16Ala,0.0
urn:mavedb:00000072-a-1#690,NA,NA,p.Ser14Ala,1.1489370359068254
urn:mavedb:00000072-a-1#691,NA,NA,p.Pro13Ala,0.0
urn:mavedb:00000072-a-1#692,NA,NA,p.Pro12Ala,0.13787244430881904
urn:mavedb:00000072-a-1#693,NA,NA,p.Thr10Ala,0.09070555546632833
urn:mavedb:00000072-a-1#694,NA,NA,p.Val8Ala,0.09400393930146753
urn:mavedb:00000072-a-1#695,NA,NA,p.Pro6Ala,0.0
urn:mavedb:00000072-a-1#696,NA,NA,p.Glu5Ala,1.723405553860238
urn:mavedb:00000072-a-1#697,NA,NA,p.Pro3Ala,0.7898942121859424
urn:mavedb:00000072-a-1#698,NA,NA,p.Gly1Ala,0.28723425897670635
